lot_id,event_time,tool_id,chamber_id,recipe_id,product_family,is_synthetic_anomaly,anomaly_mechanism,root_cause_id,synthetic_evidence_id,is_contextual_control,contextual_pair_id,contextual_expected_status,contextual_normal_recipe,contextual_anomalous_recipe,contextual_sensor_columns,recipe_context_evidence_id
SYNV2_00709,2026-04-29 06:00:00,TOOL_04,TOOL_04_CH_01,RCP_B,LOGIC,1,contextual_anomaly,RC_RECIPE_CONTEXT_MISMATCH,EVID_CONTEXT_ANOMALY_CTX_PAIR_001,0,CTX_PAIR_001,anomalous,RCP_A,RCP_B,sensor_099|sensor_103|sensor_130|sensor_173|sensor_211|sensor_290|sensor_304|sensor_308|sensor_310|sensor_339|sensor_388|sensor_467|sensor_489,EVID_CONTEXT_ANOMALY_CTX_PAIR_001
SYNV2_00013,2026-01-03 06:00:00,TOOL_04,TOOL_04_CH_01,RCP_A,MIXED_SIGNAL,0,none,none,,1,CTX_PAIR_001,normal,RCP_A,RCP_B,sensor_099|sensor_103|sensor_130|sensor_173|sensor_211|sensor_290|sensor_304|sensor_308|sensor_310|sensor_339|sensor_388|sensor_467|sensor_489,EVID_CONTEXT_CONTROL_CTX_PAIR_001
SYNV2_00724,2026-05-01 18:00:00,TOOL_04,TOOL_04_CH_01,RCP_B,MIXED_SIGNAL,1,contextual_anomaly,RC_RECIPE_CONTEXT_MISMATCH,EVID_CONTEXT_ANOMALY_CTX_PAIR_002,0,CTX_PAIR_002,anomalous,RCP_A,RCP_B,sensor_099|sensor_103|sensor_130|sensor_173|sensor_211|sensor_290|sensor_304|sensor_308|sensor_310|sensor_339|sensor_388|sensor_467|sensor_489,EVID_CONTEXT_ANOMALY_CTX_PAIR_002
SYNV2_00022,2026-01-04 18:00:00,TOOL_04,TOOL_04_CH_01,RCP_A,LOGIC,0,none,none,,1,CTX_PAIR_002,normal,RCP_A,RCP_B,sensor_099|sensor_103|sensor_130|sensor_173|sensor_211|sensor_290|sensor_304|sensor_308|sensor_310|sensor_339|sensor_388|sensor_467|sensor_489,EVID_CONTEXT_CONTROL_CTX_PAIR_002
SYNV2_00736,2026-05-03 18:00:00,TOOL_04,TOOL_04_CH_01,RCP_B,LOGIC,1,contextual_anomaly,RC_RECIPE_CONTEXT_MISMATCH,EVID_CONTEXT_ANOMALY_CTX_PAIR_003,0,CTX_PAIR_003,anomalous,RCP_A,RCP_B,sensor_099|sensor_103|sensor_130|sensor_173|sensor_211|sensor_290|sensor_304|sensor_308|sensor_310|sensor_339|sensor_388|sensor_467|sensor_489,EVID_CONTEXT_ANOMALY_CTX_PAIR_003
SYNV2_00062,2026-01-11 10:00:00,TOOL_04,TOOL_04_CH_01,RCP_A,LOGIC,0,none,none,,1,CTX_PAIR_003,normal,RCP_A,RCP_B,sensor_099|sensor_103|sensor_130|sensor_173|sensor_211|sensor_290|sensor_304|sensor_308|sensor_310|sensor_339|sensor_388|sensor_467|sensor_489,EVID_CONTEXT_CONTROL_CTX_PAIR_003
SYNV2_00747,2026-05-05 14:00:00,TOOL_04,TOOL_04_CH_01,RCP_B,LOGIC,1,contextual_anomaly,RC_RECIPE_CONTEXT_MISMATCH,EVID_CONTEXT_ANOMALY_CTX_PAIR_004,0,CTX_PAIR_004,anomalous,RCP_A,RCP_B,sensor_099|sensor_103|sensor_130|sensor_173|sensor_211|sensor_290|sensor_304|sensor_308|sensor_310|sensor_339|sensor_388|sensor_467|sensor_489,EVID_CONTEXT_ANOMALY_CTX_PAIR_004
SYNV2_00091,2026-01-16 06:00:00,TOOL_04,TOOL_04_CH_01,RCP_A,MIXED_SIGNAL,0,none,none,,1,CTX_PAIR_004,normal,RCP_A,RCP_B,sensor_099|sensor_103|sensor_130|sensor_173|sensor_211|sensor_290|sensor_304|sensor_308|sensor_310|sensor_339|sensor_388|sensor_467|sensor_489,EVID_CONTEXT_CONTROL_CTX_PAIR_004
SYNV2_00792,2026-05-13 02:00:00,TOOL_04,TOOL_04_CH_01,RCP_B,MIXED_SIGNAL,1,contextual_anomaly,RC_RECIPE_CONTEXT_MISMATCH,EVID_CONTEXT_ANOMALY_CTX_PAIR_005,0,CTX_PAIR_005,anomalous,RCP_A,RCP_B,sensor_099|sensor_103|sensor_130|sensor_173|sensor_211|sensor_290|sensor_304|sensor_308|sensor_310|sensor_339|sensor_388|sensor_467|sensor_489,EVID_CONTEXT_ANOMALY_CTX_PAIR_005
SYNV2_00107,2026-01-18 22:00:00,TOOL_04,TOOL_04_CH_01,RCP_A,MEMORY,0,none,none,,1,CTX_PAIR_005,normal,RCP_A,RCP_B,sensor_099|sensor_103|sensor_130|sensor_173|sensor_211|sensor_290|sensor_304|sensor_308|sensor_310|sensor_339|sensor_388|sensor_467|sensor_489,EVID_CONTEXT_CONTROL_CTX_PAIR_005
SYNV2_00796,2026-05-13 18:00:00,TOOL_04,TOOL_04_CH_01,RCP_B,MEMORY,1,contextual_anomaly,RC_RECIPE_CONTEXT_MISMATCH,EVID_CONTEXT_ANOMALY_CTX_PAIR_006,0,CTX_PAIR_006,anomalous,RCP_A,RCP_B,sensor_099|sensor_103|sensor_130|sensor_173|sensor_211|sensor_290|sensor_304|sensor_308|sensor_310|sensor_339|sensor_388|sensor_467|sensor_489,EVID_CONTEXT_ANOMALY_CTX_PAIR_006
SYNV2_00113,2026-01-19 22:00:00,TOOL_04,TOOL_04_CH_01,RCP_A,LOGIC,0,none,none,,1,CTX_PAIR_006,normal,RCP_A,RCP_B,sensor_099|sensor_103|sensor_130|sensor_173|sensor_211|sensor_290|sensor_304|sensor_308|sensor_310|sensor_339|sensor_388|sensor_467|sensor_489,EVID_CONTEXT_CONTROL_CTX_PAIR_006
SYNV2_00809,2026-05-15 22:00:00,TOOL_04,TOOL_04_CH_01,RCP_B,LOGIC,1,contextual_anomaly,RC_RECIPE_CONTEXT_MISMATCH,EVID_CONTEXT_ANOMALY_CTX_PAIR_007,0,CTX_PAIR_007,anomalous,RCP_A,RCP_B,sensor_099|sensor_103|sensor_130|sensor_173|sensor_211|sensor_290|sensor_304|sensor_308|sensor_310|sensor_339|sensor_388|sensor_467|sensor_489,EVID_CONTEXT_ANOMALY_CTX_PAIR_007
SYNV2_00151,2026-01-26 06:00:00,TOOL_04,TOOL_04_CH_01,RCP_A,MEMORY,0,none,none,,1,CTX_PAIR_007,normal,RCP_A,RCP_B,sensor_099|sensor_103|sensor_130|sensor_173|sensor_211|sensor_290|sensor_304|sensor_308|sensor_310|sensor_339|sensor_388|sensor_467|sensor_489,EVID_CONTEXT_CONTROL_CTX_PAIR_007
SYNV2_00819,2026-05-17 14:00:00,TOOL_04,TOOL_04_CH_01,RCP_B,LOGIC,1,contextual_anomaly,RC_RECIPE_CONTEXT_MISMATCH,EVID_CONTEXT_ANOMALY_CTX_PAIR_008,0,CTX_PAIR_008,anomalous,RCP_A,RCP_B,sensor_099|sensor_103|sensor_130|sensor_173|sensor_211|sensor_290|sensor_304|sensor_308|sensor_310|sensor_339|sensor_388|sensor_467|sensor_489,EVID_CONTEXT_ANOMALY_CTX_PAIR_008
SYNV2_00160,2026-01-27 18:00:00,TOOL_04,TOOL_04_CH_01,RCP_A,MEMORY,0,none,none,,1,CTX_PAIR_008,normal,RCP_A,RCP_B,sensor_099|sensor_103|sensor_130|sensor_173|sensor_211|sensor_290|sensor_304|sensor_308|sensor_310|sensor_339|sensor_388|sensor_467|sensor_489,EVID_CONTEXT_CONTROL_CTX_PAIR_008
SYNV2_00826,2026-05-18 18:00:00,TOOL_04,TOOL_04_CH_01,RCP_B,LOGIC,1,contextual_anomaly,RC_RECIPE_CONTEXT_MISMATCH,EVID_CONTEXT_ANOMALY_CTX_PAIR_009,0,CTX_PAIR_009,anomalous,RCP_A,RCP_B,sensor_099|sensor_103|sensor_130|sensor_173|sensor_211|sensor_290|sensor_304|sensor_308|sensor_310|sensor_339|sensor_388|sensor_467|sensor_489,EVID_CONTEXT_ANOMALY_CTX_PAIR_009
SYNV2_00169,2026-01-29 06:00:00,TOOL_04,TOOL_04_CH_01,RCP_A,MEMORY,0,none,none,,1,CTX_PAIR_009,normal,RCP_A,RCP_B,sensor_099|sensor_103|sensor_130|sensor_173|sensor_211|sensor_290|sensor_304|sensor_308|sensor_310|sensor_339|sensor_388|sensor_467|sensor_489,EVID_CONTEXT_CONTROL_CTX_PAIR_009
SYNV2_00867,2026-05-25 14:00:00,TOOL_04,TOOL_04_CH_01,RCP_B,LOGIC,1,contextual_anomaly,RC_RECIPE_CONTEXT_MISMATCH,EVID_CONTEXT_ANOMALY_CTX_PAIR_010,0,CTX_PAIR_010,anomalous,RCP_A,RCP_B,sensor_099|sensor_103|sensor_130|sensor_173|sensor_211|sensor_290|sensor_304|sensor_308|sensor_310|sensor_339|sensor_388|sensor_467|sensor_489,EVID_CONTEXT_ANOMALY_CTX_PAIR_010
SYNV2_00175,2026-01-30 06:00:00,TOOL_04,TOOL_04_CH_01,RCP_A,LOGIC,0,none,none,,1,CTX_PAIR_010,normal,RCP_A,RCP_B,sensor_099|sensor_103|sensor_130|sensor_173|sensor_211|sensor_290|sensor_304|sensor_308|sensor_310|sensor_339|sensor_388|sensor_467|sensor_489,EVID_CONTEXT_CONTROL_CTX_PAIR_010
SYNV2_00883,2026-05-28 06:00:00,TOOL_04,TOOL_04_CH_01,RCP_B,MIXED_SIGNAL,1,contextual_anomaly,RC_RECIPE_CONTEXT_MISMATCH,EVID_CONTEXT_ANOMALY_CTX_PAIR_011,0,CTX_PAIR_011,anomalous,RCP_A,RCP_B,sensor_099|sensor_103|sensor_130|sensor_173|sensor_211|sensor_290|sensor_304|sensor_308|sensor_310|sensor_339|sensor_388|sensor_467|sensor_489,EVID_CONTEXT_ANOMALY_CTX_PAIR_011
SYNV2_00181,2026-01-31 06:00:00,TOOL_04,TOOL_04_CH_01,RCP_A,LOGIC,0,none,none,,1,CTX_PAIR_011,normal,RCP_A,RCP_B,sensor_099|sensor_103|sensor_130|sensor_173|sensor_211|sensor_290|sensor_304|sensor_308|sensor_310|sensor_339|sensor_388|sensor_467|sensor_489,EVID_CONTEXT_CONTROL_CTX_PAIR_011
SYNV2_00899,2026-05-30 22:00:00,TOOL_04,TOOL_04_CH_01,RCP_B,MEMORY,1,contextual_anomaly,RC_RECIPE_CONTEXT_MISMATCH,EVID_CONTEXT_ANOMALY_CTX_PAIR_012,0,CTX_PAIR_012,anomalous,RCP_A,RCP_B,sensor_099|sensor_103|sensor_130|sensor_173|sensor_211|sensor_290|sensor_304|sensor_308|sensor_310|sensor_339|sensor_388|sensor_467|sensor_489,EVID_CONTEXT_ANOMALY_CTX_PAIR_012
SYNV2_00191,2026-02-01 22:00:00,TOOL_04,TOOL_04_CH_01,RCP_A,MIXED_SIGNAL,0,none,none,,1,CTX_PAIR_012,normal,RCP_A,RCP_B,sensor_099|sensor_103|sensor_130|sensor_173|sensor_211|sensor_290|sensor_304|sensor_308|sensor_310|sensor_339|sensor_388|sensor_467|sensor_489,EVID_CONTEXT_CONTROL_CTX_PAIR_012
SYNV2_00900,2026-05-31 02:00:00,TOOL_04,TOOL_04_CH_01,RCP_B,MIXED_SIGNAL,1,contextual_anomaly,RC_RECIPE_CONTEXT_MISMATCH,EVID_CONTEXT_ANOMALY_CTX_PAIR_013,0,CTX_PAIR_013,anomalous,RCP_A,RCP_B,sensor_099|sensor_103|sensor_130|sensor_173|sensor_211|sensor_290|sensor_304|sensor_308|sensor_310|sensor_339|sensor_388|sensor_467|sensor_489,EVID_CONTEXT_ANOMALY_CTX_PAIR_013
SYNV2_00208,2026-02-04 18:00:00,TOOL_04,TOOL_04_CH_01,RCP_A,MEMORY,0,none,none,,1,CTX_PAIR_013,normal,RCP_A,RCP_B,sensor_099|sensor_103|sensor_130|sensor_173|sensor_211|sensor_290|sensor_304|sensor_308|sensor_310|sensor_339|sensor_388|sensor_467|sensor_489,EVID_CONTEXT_CONTROL_CTX_PAIR_013
SYNV2_00914,2026-06-02 10:00:00,TOOL_04,TOOL_04_CH_01,RCP_B,MIXED_SIGNAL,1,contextual_anomaly,RC_RECIPE_CONTEXT_MISMATCH,EVID_CONTEXT_ANOMALY_CTX_PAIR_014,0,CTX_PAIR_014,anomalous,RCP_A,RCP_B,sensor_099|sensor_103|sensor_130|sensor_173|sensor_211|sensor_290|sensor_304|sensor_308|sensor_310|sensor_339|sensor_388|sensor_467|sensor_489,EVID_CONTEXT_ANOMALY_CTX_PAIR_014
SYNV2_00215,2026-02-05 22:00:00,TOOL_04,TOOL_04_CH_01,RCP_A,LOGIC,0,none,none,,1,CTX_PAIR_014,normal,RCP_A,RCP_B,sensor_099|sensor_103|sensor_130|sensor_173|sensor_211|sensor_290|sensor_304|sensor_308|sensor_310|sensor_339|sensor_388|sensor_467|sensor_489,EVID_CONTEXT_CONTROL_CTX_PAIR_014
SYNV2_00926,2026-06-04 10:00:00,TOOL_04,TOOL_04_CH_01,RCP_B,MEMORY,1,contextual_anomaly,RC_RECIPE_CONTEXT_MISMATCH,EVID_CONTEXT_ANOMALY_CTX_PAIR_015,0,CTX_PAIR_015,anomalous,RCP_A,RCP_B,sensor_099|sensor_103|sensor_130|sensor_173|sensor_211|sensor_290|sensor_304|sensor_308|sensor_310|sensor_339|sensor_388|sensor_467|sensor_489,EVID_CONTEXT_ANOMALY_CTX_PAIR_015
SYNV2_00216,2026-02-06 02:00:00,TOOL_04,TOOL_04_CH_01,RCP_A,LOGIC,0,none,none,,1,CTX_PAIR_015,normal,RCP_A,RCP_B,sensor_099|sensor_103|sensor_130|sensor_173|sensor_211|sensor_290|sensor_304|sensor_308|sensor_310|sensor_339|sensor_388|sensor_467|sensor_489,EVID_CONTEXT_CONTROL_CTX_PAIR_015
SYNV2_00935,2026-06-05 22:00:00,TOOL_04,TOOL_04_CH_01,RCP_B,MIXED_SIGNAL,1,contextual_anomaly,RC_RECIPE_CONTEXT_MISMATCH,EVID_CONTEXT_ANOMALY_CTX_PAIR_016,0,CTX_PAIR_016,anomalous,RCP_A,RCP_B,sensor_099|sensor_103|sensor_130|sensor_173|sensor_211|sensor_290|sensor_304|sensor_308|sensor_310|sensor_339|sensor_388|sensor_467|sensor_489,EVID_CONTEXT_ANOMALY_CTX_PAIR_016
SYNV2_00221,2026-02-06 22:00:00,TOOL_04,TOOL_04_CH_01,RCP_A,MIXED_SIGNAL,0,none,none,,1,CTX_PAIR_016,normal,RCP_A,RCP_B,sensor_099|sensor_103|sensor_130|sensor_173|sensor_211|sensor_290|sensor_304|sensor_308|sensor_310|sensor_339|sensor_388|sensor_467|sensor_489,EVID_CONTEXT_CONTROL_CTX_PAIR_016
SYNV2_00937,2026-06-06 06:00:00,TOOL_04,TOOL_04_CH_01,RCP_B,MIXED_SIGNAL,1,contextual_anomaly,RC_RECIPE_CONTEXT_MISMATCH,EVID_CONTEXT_ANOMALY_CTX_PAIR_017,0,CTX_PAIR_017,anomalous,RCP_A,RCP_B,sensor_099|sensor_103|sensor_130|sensor_173|sensor_211|sensor_290|sensor_304|sensor_308|sensor_310|sensor_339|sensor_388|sensor_467|sensor_489,EVID_CONTEXT_ANOMALY_CTX_PAIR_017
SYNV2_00227,2026-02-07 22:00:00,TOOL_04,TOOL_04_CH_01,RCP_A,MIXED_SIGNAL,0,none,none,,1,CTX_PAIR_017,normal,RCP_A,RCP_B,sensor_099|sensor_103|sensor_130|sensor_173|sensor_211|sensor_290|sensor_304|sensor_308|sensor_310|sensor_339|sensor_388|sensor_467|sensor_489,EVID_CONTEXT_CONTROL_CTX_PAIR_017
SYNV2_00949,2026-06-08 06:00:00,TOOL_04,TOOL_04_CH_01,RCP_B,MIXED_SIGNAL,1,contextual_anomaly,RC_RECIPE_CONTEXT_MISMATCH,EVID_CONTEXT_ANOMALY_CTX_PAIR_018,0,CTX_PAIR_018,anomalous,RCP_A,RCP_B,sensor_099|sensor_103|sensor_130|sensor_173|sensor_211|sensor_290|sensor_304|sensor_308|sensor_310|sensor_339|sensor_388|sensor_467|sensor_489,EVID_CONTEXT_ANOMALY_CTX_PAIR_018
SYNV2_00234,2026-02-09 02:00:00,TOOL_04,TOOL_04_CH_01,RCP_A,MIXED_SIGNAL,0,none,none,,1,CTX_PAIR_018,normal,RCP_A,RCP_B,sensor_099|sensor_103|sensor_130|sensor_173|sensor_211|sensor_290|sensor_304|sensor_308|sensor_310|sensor_339|sensor_388|sensor_467|sensor_489,EVID_CONTEXT_CONTROL_CTX_PAIR_018
SYNV2_00950,2026-06-08 10:00:00,TOOL_04,TOOL_04_CH_01,RCP_B,LOGIC,1,contextual_anomaly,RC_RECIPE_CONTEXT_MISMATCH,EVID_CONTEXT_ANOMALY_CTX_PAIR_019,0,CTX_PAIR_019,anomalous,RCP_A,RCP_B,sensor_099|sensor_103|sensor_130|sensor_173|sensor_211|sensor_290|sensor_304|sensor_308|sensor_310|sensor_339|sensor_388|sensor_467|sensor_489,EVID_CONTEXT_ANOMALY_CTX_PAIR_019
SYNV2_00235,2026-02-09 06:00:00,TOOL_04,TOOL_04_CH_01,RCP_A,MEMORY,0,none,none,,1,CTX_PAIR_019,normal,RCP_A,RCP_B,sensor_099|sensor_103|sensor_130|sensor_173|sensor_211|sensor_290|sensor_304|sensor_308|sensor_310|sensor_339|sensor_388|sensor_467|sensor_489,EVID_CONTEXT_CONTROL_CTX_PAIR_019
SYNV2_00954,2026-06-09 02:00:00,TOOL_04,TOOL_04_CH_01,RCP_B,MEMORY,1,contextual_anomaly,RC_RECIPE_CONTEXT_MISMATCH,EVID_CONTEXT_ANOMALY_CTX_PAIR_020,0,CTX_PAIR_020,anomalous,RCP_A,RCP_B,sensor_099|sensor_103|sensor_130|sensor_173|sensor_211|sensor_290|sensor_304|sensor_308|sensor_310|sensor_339|sensor_388|sensor_467|sensor_489,EVID_CONTEXT_ANOMALY_CTX_PAIR_020
SYNV2_00252,2026-02-12 02:00:00,TOOL_04,TOOL_04_CH_01,RCP_A,MIXED_SIGNAL,0,none,none,,1,CTX_PAIR_020,normal,RCP_A,RCP_B,sensor_099|sensor_103|sensor_130|sensor_173|sensor_211|sensor_290|sensor_304|sensor_308|sensor_310|sensor_339|sensor_388|sensor_467|sensor_489,EVID_CONTEXT_CONTROL_CTX_PAIR_020
SYNV2_00999,2026-06-16 14:00:00,TOOL_04,TOOL_04_CH_01,RCP_B,LOGIC,1,contextual_anomaly,RC_RECIPE_CONTEXT_MISMATCH,EVID_CONTEXT_ANOMALY_CTX_PAIR_021,0,CTX_PAIR_021,anomalous,RCP_A,RCP_B,sensor_099|sensor_103|sensor_130|sensor_173|sensor_211|sensor_290|sensor_304|sensor_308|sensor_310|sensor_339|sensor_388|sensor_467|sensor_489,EVID_CONTEXT_ANOMALY_CTX_PAIR_021
SYNV2_00261,2026-02-13 14:00:00,TOOL_04,TOOL_04_CH_01,RCP_A,MIXED_SIGNAL,0,none,none,,1,CTX_PAIR_021,normal,RCP_A,RCP_B,sensor_099|sensor_103|sensor_130|sensor_173|sensor_211|sensor_290|sensor_304|sensor_308|sensor_310|sensor_339|sensor_388|sensor_467|sensor_489,EVID_CONTEXT_CONTROL_CTX_PAIR_021
SYNV2_01002,2026-06-17 02:00:00,TOOL_04,TOOL_04_CH_01,RCP_B,MEMORY,1,contextual_anomaly,RC_RECIPE_CONTEXT_MISMATCH,EVID_CONTEXT_ANOMALY_CTX_PAIR_022,0,CTX_PAIR_022,anomalous,RCP_A,RCP_B,sensor_099|sensor_103|sensor_130|sensor_173|sensor_211|sensor_290|sensor_304|sensor_308|sensor_310|sensor_339|sensor_388|sensor_467|sensor_489,EVID_CONTEXT_ANOMALY_CTX_PAIR_022
SYNV2_00286,2026-02-17 18:00:00,TOOL_04,TOOL_04_CH_01,RCP_A,MEMORY,0,none,none,,1,CTX_PAIR_022,normal,RCP_A,RCP_B,sensor_099|sensor_103|sensor_130|sensor_173|sensor_211|sensor_290|sensor_304|sensor_308|sensor_310|sensor_339|sensor_388|sensor_467|sensor_489,EVID_CONTEXT_CONTROL_CTX_PAIR_022
SYNV2_01052,2026-06-25 10:00:00,TOOL_04,TOOL_04_CH_01,RCP_B,LOGIC,1,contextual_anomaly,RC_RECIPE_CONTEXT_MISMATCH,EVID_CONTEXT_ANOMALY_CTX_PAIR_023,0,CTX_PAIR_023,anomalous,RCP_A,RCP_B,sensor_099|sensor_103|sensor_130|sensor_173|sensor_211|sensor_290|sensor_304|sensor_308|sensor_310|sensor_339|sensor_388|sensor_467|sensor_489,EVID_CONTEXT_ANOMALY_CTX_PAIR_023
SYNV2_00301,2026-02-20 06:00:00,TOOL_04,TOOL_04_CH_01,RCP_A,LOGIC,0,none,none,,1,CTX_PAIR_023,normal,RCP_A,RCP_B,sensor_099|sensor_103|sensor_130|sensor_173|sensor_211|sensor_290|sensor_304|sensor_308|sensor_310|sensor_339|sensor_388|sensor_467|sensor_489,EVID_CONTEXT_CONTROL_CTX_PAIR_023
SYNV2_01063,2026-06-27 06:00:00,TOOL_04,TOOL_04_CH_01,RCP_B,MIXED_SIGNAL,1,contextual_anomaly,RC_RECIPE_CONTEXT_MISMATCH,EVID_CONTEXT_ANOMALY_CTX_PAIR_024,0,CTX_PAIR_024,anomalous,RCP_A,RCP_B,sensor_099|sensor_103|sensor_130|sensor_173|sensor_211|sensor_290|sensor_304|sensor_308|sensor_310|sensor_339|sensor_388|sensor_467|sensor_489,EVID_CONTEXT_ANOMALY_CTX_PAIR_024
SYNV2_00316,2026-02-22 18:00:00,TOOL_04,TOOL_04_CH_01,RCP_A,MIXED_SIGNAL,0,none,none,,1,CTX_PAIR_024,normal,RCP_A,RCP_B,sensor_099|sensor_103|sensor_130|sensor_173|sensor_211|sensor_290|sensor_304|sensor_308|sensor_310|sensor_339|sensor_388|sensor_467|sensor_489,EVID_CONTEXT_CONTROL_CTX_PAIR_024
SYNV2_01065,2026-06-27 14:00:00,TOOL_04,TOOL_04_CH_01,RCP_B,MIXED_SIGNAL,1,contextual_anomaly,RC_RECIPE_CONTEXT_MISMATCH,EVID_CONTEXT_ANOMALY_CTX_PAIR_025,0,CTX_PAIR_025,anomalous,RCP_A,RCP_B,sensor_099|sensor_103|sensor_130|sensor_173|sensor_211|sensor_290|sensor_304|sensor_308|sensor_310|sensor_339|sensor_388|sensor_467|sensor_489,EVID_CONTEXT_ANOMALY_CTX_PAIR_025
SYNV2_00322,2026-02-23 18:00:00,TOOL_04,TOOL_04_CH_01,RCP_A,MEMORY,0,none,none,,1,CTX_PAIR_025,normal,RCP_A,RCP_B,sensor_099|sensor_103|sensor_130|sensor_173|sensor_211|sensor_290|sensor_304|sensor_308|sensor_310|sensor_339|sensor_388|sensor_467|sensor_489,EVID_CONTEXT_CONTROL_CTX_PAIR_025
SYNV2_01070,2026-06-28 10:00:00,TOOL_04,TOOL_04_CH_01,RCP_B,MIXED_SIGNAL,1,contextual_anomaly,RC_RECIPE_CONTEXT_MISMATCH,EVID_CONTEXT_ANOMALY_CTX_PAIR_026,0,CTX_PAIR_026,anomalous,RCP_A,RCP_B,sensor_099|sensor_103|sensor_130|sensor_173|sensor_211|sensor_290|sensor_304|sensor_308|sensor_310|sensor_339|sensor_388|sensor_467|sensor_489,EVID_CONTEXT_ANOMALY_CTX_PAIR_026
SYNV2_00323,2026-02-23 22:00:00,TOOL_04,TOOL_04_CH_01,RCP_A,LOGIC,0,none,none,,1,CTX_PAIR_026,normal,RCP_A,RCP_B,sensor_099|sensor_103|sensor_130|sensor_173|sensor_211|sensor_290|sensor_304|sensor_308|sensor_310|sensor_339|sensor_388|sensor_467|sensor_489,EVID_CONTEXT_CONTROL_CTX_PAIR_026
SYNV2_01100,2026-07-03 10:00:00,TOOL_04,TOOL_04_CH_01,RCP_B,LOGIC,1,contextual_anomaly,RC_RECIPE_CONTEXT_MISMATCH,EVID_CONTEXT_ANOMALY_CTX_PAIR_027,0,CTX_PAIR_027,anomalous,RCP_A,RCP_B,sensor_099|sensor_103|sensor_130|sensor_173|sensor_211|sensor_290|sensor_304|sensor_308|sensor_310|sensor_339|sensor_388|sensor_467|sensor_489,EVID_CONTEXT_ANOMALY_CTX_PAIR_027
SYNV2_00336,2026-02-26 02:00:00,TOOL_04,TOOL_04_CH_01,RCP_A,MIXED_SIGNAL,0,none,none,,1,CTX_PAIR_027,normal,RCP_A,RCP_B,sensor_099|sensor_103|sensor_130|sensor_173|sensor_211|sensor_290|sensor_304|sensor_308|sensor_310|sensor_339|sensor_388|sensor_467|sensor_489,EVID_CONTEXT_CONTROL_CTX_PAIR_027
SYNV2_01118,2026-07-06 10:00:00,TOOL_04,TOOL_04_CH_01,RCP_B,MEMORY,1,contextual_anomaly,RC_RECIPE_CONTEXT_MISMATCH,EVID_CONTEXT_ANOMALY_CTX_PAIR_028,0,CTX_PAIR_028,anomalous,RCP_A,RCP_B,sensor_099|sensor_103|sensor_130|sensor_173|sensor_211|sensor_290|sensor_304|sensor_308|sensor_310|sensor_339|sensor_388|sensor_467|sensor_489,EVID_CONTEXT_ANOMALY_CTX_PAIR_028
SYNV2_00394,2026-03-07 18:00:00,TOOL_04,TOOL_04_CH_01,RCP_A,MIXED_SIGNAL,0,none,none,,1,CTX_PAIR_028,normal,RCP_A,RCP_B,sensor_099|sensor_103|sensor_130|sensor_173|sensor_211|sensor_290|sensor_304|sensor_308|sensor_310|sensor_339|sensor_388|sensor_467|sensor_489,EVID_CONTEXT_CONTROL_CTX_PAIR_028
SYNV2_01133,2026-07-08 22:00:00,TOOL_04,TOOL_04_CH_01,RCP_B,MIXED_SIGNAL,1,contextual_anomaly,RC_RECIPE_CONTEXT_MISMATCH,EVID_CONTEXT_ANOMALY_CTX_PAIR_029,0,CTX_PAIR_029,anomalous,RCP_A,RCP_B,sensor_099|sensor_103|sensor_130|sensor_173|sensor_211|sensor_290|sensor_304|sensor_308|sensor_310|sensor_339|sensor_388|sensor_467|sensor_489,EVID_CONTEXT_ANOMALY_CTX_PAIR_029
SYNV2_00399,2026-03-08 14:00:00,TOOL_04,TOOL_04_CH_01,RCP_A,LOGIC,0,none,none,,1,CTX_PAIR_029,normal,RCP_A,RCP_B,sensor_099|sensor_103|sensor_130|sensor_173|sensor_211|sensor_290|sensor_304|sensor_308|sensor_310|sensor_339|sensor_388|sensor_467|sensor_489,EVID_CONTEXT_CONTROL_CTX_PAIR_029
SYNV2_01136,2026-07-09 10:00:00,TOOL_04,TOOL_04_CH_01,RCP_B,MIXED_SIGNAL,1,contextual_anomaly,RC_RECIPE_CONTEXT_MISMATCH,EVID_CONTEXT_ANOMALY_CTX_PAIR_030,0,CTX_PAIR_030,anomalous,RCP_A,RCP_B,sensor_099|sensor_103|sensor_130|sensor_173|sensor_211|sensor_290|sensor_304|sensor_308|sensor_310|sensor_339|sensor_388|sensor_467|sensor_489,EVID_CONTEXT_ANOMALY_CTX_PAIR_030
SYNV2_00408,2026-03-10 02:00:00,TOOL_04,TOOL_04_CH_01,RCP_A,MEMORY,0,none,none,,1,CTX_PAIR_030,normal,RCP_A,RCP_B,sensor_099|sensor_103|sensor_130|sensor_173|sensor_211|sensor_290|sensor_304|sensor_308|sensor_310|sensor_339|sensor_388|sensor_467|sensor_489,EVID_CONTEXT_CONTROL_CTX_PAIR_030
SYNV2_01149,2026-07-11 14:00:00,TOOL_04,TOOL_04_CH_01,RCP_B,MIXED_SIGNAL,1,contextual_anomaly,RC_RECIPE_CONTEXT_MISMATCH,EVID_CONTEXT_ANOMALY_CTX_PAIR_031,0,CTX_PAIR_031,anomalous,RCP_A,RCP_B,sensor_099|sensor_103|sensor_130|sensor_173|sensor_211|sensor_290|sensor_304|sensor_308|sensor_310|sensor_339|sensor_388|sensor_467|sensor_489,EVID_CONTEXT_ANOMALY_CTX_PAIR_031
SYNV2_00410,2026-03-10 10:00:00,TOOL_04,TOOL_04_CH_01,RCP_A,LOGIC,0,none,none,,1,CTX_PAIR_031,normal,RCP_A,RCP_B,sensor_099|sensor_103|sensor_130|sensor_173|sensor_211|sensor_290|sensor_304|sensor_308|sensor_310|sensor_339|sensor_388|sensor_467|sensor_489,EVID_CONTEXT_CONTROL_CTX_PAIR_031
SYNV2_01161,2026-07-13 14:00:00,TOOL_04,TOOL_04_CH_01,RCP_B,MEMORY,1,contextual_anomaly,RC_RECIPE_CONTEXT_MISMATCH,EVID_CONTEXT_ANOMALY_CTX_PAIR_032,0,CTX_PAIR_032,anomalous,RCP_A,RCP_B,sensor_099|sensor_103|sensor_130|sensor_173|sensor_211|sensor_290|sensor_304|sensor_308|sensor_310|sensor_339|sensor_388|sensor_467|sensor_489,EVID_CONTEXT_ANOMALY_CTX_PAIR_032
SYNV2_00415,2026-03-11 06:00:00,TOOL_04,TOOL_04_CH_01,RCP_A,MEMORY,0,none,none,,1,CTX_PAIR_032,normal,RCP_A,RCP_B,sensor_099|sensor_103|sensor_130|sensor_173|sensor_211|sensor_290|sensor_304|sensor_308|sensor_310|sensor_339|sensor_388|sensor_467|sensor_489,EVID_CONTEXT_CONTROL_CTX_PAIR_032
SYNV2_01162,2026-07-13 18:00:00,TOOL_04,TOOL_04_CH_01,RCP_B,MIXED_SIGNAL,1,contextual_anomaly,RC_RECIPE_CONTEXT_MISMATCH,EVID_CONTEXT_ANOMALY_CTX_PAIR_033,0,CTX_PAIR_033,anomalous,RCP_A,RCP_B,sensor_099|sensor_103|sensor_130|sensor_173|sensor_211|sensor_290|sensor_304|sensor_308|sensor_310|sensor_339|sensor_388|sensor_467|sensor_489,EVID_CONTEXT_ANOMALY_CTX_PAIR_033
SYNV2_00427,2026-03-13 06:00:00,TOOL_04,TOOL_04_CH_01,RCP_A,MIXED_SIGNAL,0,none,none,,1,CTX_PAIR_033,normal,RCP_A,RCP_B,sensor_099|sensor_103|sensor_130|sensor_173|sensor_211|sensor_290|sensor_304|sensor_308|sensor_310|sensor_339|sensor_388|sensor_467|sensor_489,EVID_CONTEXT_CONTROL_CTX_PAIR_033
SYNV2_01177,2026-07-16 06:00:00,TOOL_04,TOOL_04_CH_01,RCP_B,LOGIC,1,contextual_anomaly,RC_RECIPE_CONTEXT_MISMATCH,EVID_CONTEXT_ANOMALY_CTX_PAIR_034,0,CTX_PAIR_034,anomalous,RCP_A,RCP_B,sensor_099|sensor_103|sensor_130|sensor_173|sensor_211|sensor_290|sensor_304|sensor_308|sensor_310|sensor_339|sensor_388|sensor_467|sensor_489,EVID_CONTEXT_ANOMALY_CTX_PAIR_034
SYNV2_00440,2026-03-15 10:00:00,TOOL_04,TOOL_04_CH_01,RCP_A,LOGIC,0,none,none,,1,CTX_PAIR_034,normal,RCP_A,RCP_B,sensor_099|sensor_103|sensor_130|sensor_173|sensor_211|sensor_290|sensor_304|sensor_308|sensor_310|sensor_339|sensor_388|sensor_467|sensor_489,EVID_CONTEXT_CONTROL_CTX_PAIR_034
SYNV2_01185,2026-07-17 14:00:00,TOOL_04,TOOL_04_CH_01,RCP_B,LOGIC,1,contextual_anomaly,RC_RECIPE_CONTEXT_MISMATCH,EVID_CONTEXT_ANOMALY_CTX_PAIR_035,0,CTX_PAIR_035,anomalous,RCP_A,RCP_B,sensor_099|sensor_103|sensor_130|sensor_173|sensor_211|sensor_290|sensor_304|sensor_308|sensor_310|sensor_339|sensor_388|sensor_467|sensor_489,EVID_CONTEXT_ANOMALY_CTX_PAIR_035
SYNV2_00446,2026-03-16 10:00:00,TOOL_04,TOOL_04_CH_01,RCP_A,LOGIC,0,none,none,,1,CTX_PAIR_035,normal,RCP_A,RCP_B,sensor_099|sensor_103|sensor_130|sensor_173|sensor_211|sensor_290|sensor_304|sensor_308|sensor_310|sensor_339|sensor_388|sensor_467|sensor_489,EVID_CONTEXT_CONTROL_CTX_PAIR_035
SYNV2_01246,2026-07-27 18:00:00,TOOL_04,TOOL_04_CH_01,RCP_B,MIXED_SIGNAL,1,contextual_anomaly,RC_RECIPE_CONTEXT_MISMATCH,EVID_CONTEXT_ANOMALY_CTX_PAIR_036,0,CTX_PAIR_036,anomalous,RCP_A,RCP_B,sensor_099|sensor_103|sensor_130|sensor_173|sensor_211|sensor_290|sensor_304|sensor_308|sensor_310|sensor_339|sensor_388|sensor_467|sensor_489,EVID_CONTEXT_ANOMALY_CTX_PAIR_036
SYNV2_00473,2026-03-20 22:00:00,TOOL_04,TOOL_04_CH_01,RCP_A,MEMORY,0,none,none,,1,CTX_PAIR_036,normal,RCP_A,RCP_B,sensor_099|sensor_103|sensor_130|sensor_173|sensor_211|sensor_290|sensor_304|sensor_308|sensor_310|sensor_339|sensor_388|sensor_467|sensor_489,EVID_CONTEXT_CONTROL_CTX_PAIR_036
SYNV2_01262,2026-07-30 10:00:00,TOOL_04,TOOL_04_CH_01,RCP_B,MEMORY,1,contextual_anomaly,RC_RECIPE_CONTEXT_MISMATCH,EVID_CONTEXT_ANOMALY_CTX_PAIR_037,0,CTX_PAIR_037,anomalous,RCP_A,RCP_B,sensor_099|sensor_103|sensor_130|sensor_173|sensor_211|sensor_290|sensor_304|sensor_308|sensor_310|sensor_339|sensor_388|sensor_467|sensor_489,EVID_CONTEXT_ANOMALY_CTX_PAIR_037
SYNV2_00508,2026-03-26 18:00:00,TOOL_04,TOOL_04_CH_01,RCP_A,MIXED_SIGNAL,0,none,none,,1,CTX_PAIR_037,normal,RCP_A,RCP_B,sensor_099|sensor_103|sensor_130|sensor_173|sensor_211|sensor_290|sensor_304|sensor_308|sensor_310|sensor_339|sensor_388|sensor_467|sensor_489,EVID_CONTEXT_CONTROL_CTX_PAIR_037
SYNV2_01284,2026-08-03 02:00:00,TOOL_04,TOOL_04_CH_01,RCP_B,MEMORY,1,contextual_anomaly,RC_RECIPE_CONTEXT_MISMATCH,EVID_CONTEXT_ANOMALY_CTX_PAIR_038,0,CTX_PAIR_038,anomalous,RCP_A,RCP_B,sensor_099|sensor_103|sensor_130|sensor_173|sensor_211|sensor_290|sensor_304|sensor_308|sensor_310|sensor_339|sensor_388|sensor_467|sensor_489,EVID_CONTEXT_ANOMALY_CTX_PAIR_038
SYNV2_00512,2026-03-27 10:00:00,TOOL_04,TOOL_04_CH_01,RCP_A,MIXED_SIGNAL,0,none,none,,1,CTX_PAIR_038,normal,RCP_A,RCP_B,sensor_099|sensor_103|sensor_130|sensor_173|sensor_211|sensor_290|sensor_304|sensor_308|sensor_310|sensor_339|sensor_388|sensor_467|sensor_489,EVID_CONTEXT_CONTROL_CTX_PAIR_038
SYNV2_01287,2026-08-03 14:00:00,TOOL_04,TOOL_04_CH_01,RCP_B,MIXED_SIGNAL,1,contextual_anomaly,RC_RECIPE_CONTEXT_MISMATCH,EVID_CONTEXT_ANOMALY_CTX_PAIR_039,0,CTX_PAIR_039,anomalous,RCP_A,RCP_B,sensor_099|sensor_103|sensor_130|sensor_173|sensor_211|sensor_290|sensor_304|sensor_308|sensor_310|sensor_339|sensor_388|sensor_467|sensor_489,EVID_CONTEXT_ANOMALY_CTX_PAIR_039
SYNV2_00525,2026-03-29 14:00:00,TOOL_04,TOOL_04_CH_01,RCP_A,MIXED_SIGNAL,0,none,none,,1,CTX_PAIR_039,normal,RCP_A,RCP_B,sensor_099|sensor_103|sensor_130|sensor_173|sensor_211|sensor_290|sensor_304|sensor_308|sensor_310|sensor_339|sensor_388|sensor_467|sensor_489,EVID_CONTEXT_CONTROL_CTX_PAIR_039
SYNV2_01298,2026-08-05 10:00:00,TOOL_04,TOOL_04_CH_01,RCP_B,MEMORY,1,contextual_anomaly,RC_RECIPE_CONTEXT_MISMATCH,EVID_CONTEXT_ANOMALY_CTX_PAIR_040,0,CTX_PAIR_040,anomalous,RCP_A,RCP_B,sensor_099|sensor_103|sensor_130|sensor_173|sensor_211|sensor_290|sensor_304|sensor_308|sensor_310|sensor_339|sensor_388|sensor_467|sensor_489,EVID_CONTEXT_ANOMALY_CTX_PAIR_040
SYNV2_00527,2026-03-29 22:00:00,TOOL_04,TOOL_04_CH_01,RCP_A,MIXED_SIGNAL,0,none,none,,1,CTX_PAIR_040,normal,RCP_A,RCP_B,sensor_099|sensor_103|sensor_130|sensor_173|sensor_211|sensor_290|sensor_304|sensor_308|sensor_310|sensor_339|sensor_388|sensor_467|sensor_489,EVID_CONTEXT_CONTROL_CTX_PAIR_040
SYNV2_01308,2026-08-07 02:00:00,TOOL_04,TOOL_04_CH_01,RCP_B,LOGIC,1,contextual_anomaly,RC_RECIPE_CONTEXT_MISMATCH,EVID_CONTEXT_ANOMALY_CTX_PAIR_041,0,CTX_PAIR_041,anomalous,RCP_A,RCP_B,sensor_099|sensor_103|sensor_130|sensor_173|sensor_211|sensor_290|sensor_304|sensor_308|sensor_310|sensor_339|sensor_388|sensor_467|sensor_489,EVID_CONTEXT_ANOMALY_CTX_PAIR_041
SYNV2_00533,2026-03-30 22:00:00,TOOL_04,TOOL_04_CH_01,RCP_A,LOGIC,0,none,none,,1,CTX_PAIR_041,normal,RCP_A,RCP_B,sensor_099|sensor_103|sensor_130|sensor_173|sensor_211|sensor_290|sensor_304|sensor_308|sensor_310|sensor_339|sensor_388|sensor_467|sensor_489,EVID_CONTEXT_CONTROL_CTX_PAIR_041
SYNV2_01347,2026-08-13 14:00:00,TOOL_04,TOOL_04_CH_01,RCP_B,MIXED_SIGNAL,1,contextual_anomaly,RC_RECIPE_CONTEXT_MISMATCH,EVID_CONTEXT_ANOMALY_CTX_PAIR_042,0,CTX_PAIR_042,anomalous,RCP_A,RCP_B,sensor_099|sensor_103|sensor_130|sensor_173|sensor_211|sensor_290|sensor_304|sensor_308|sensor_310|sensor_339|sensor_388|sensor_467|sensor_489,EVID_CONTEXT_ANOMALY_CTX_PAIR_042
SYNV2_00589,2026-04-09 06:00:00,TOOL_04,TOOL_04_CH_01,RCP_A,MIXED_SIGNAL,0,none,none,,1,CTX_PAIR_042,normal,RCP_A,RCP_B,sensor_099|sensor_103|sensor_130|sensor_173|sensor_211|sensor_290|sensor_304|sensor_308|sensor_310|sensor_339|sensor_388|sensor_467|sensor_489,EVID_CONTEXT_CONTROL_CTX_PAIR_042
SYNV2_01348,2026-08-13 18:00:00,TOOL_04,TOOL_04_CH_01,RCP_B,MIXED_SIGNAL,1,contextual_anomaly,RC_RECIPE_CONTEXT_MISMATCH,EVID_CONTEXT_ANOMALY_CTX_PAIR_043,0,CTX_PAIR_043,anomalous,RCP_A,RCP_B,sensor_099|sensor_103|sensor_130|sensor_173|sensor_211|sensor_290|sensor_304|sensor_308|sensor_310|sensor_339|sensor_388|sensor_467|sensor_489,EVID_CONTEXT_ANOMALY_CTX_PAIR_043
SYNV2_00594,2026-04-10 02:00:00,TOOL_04,TOOL_04_CH_01,RCP_A,LOGIC,0,none,none,,1,CTX_PAIR_043,normal,RCP_A,RCP_B,sensor_099|sensor_103|sensor_130|sensor_173|sensor_211|sensor_290|sensor_304|sensor_308|sensor_310|sensor_339|sensor_388|sensor_467|sensor_489,EVID_CONTEXT_CONTROL_CTX_PAIR_043
SYNV2_01356,2026-08-15 02:00:00,TOOL_04,TOOL_04_CH_01,RCP_B,MIXED_SIGNAL,1,contextual_anomaly,RC_RECIPE_CONTEXT_MISMATCH,EVID_CONTEXT_ANOMALY_CTX_PAIR_044,0,CTX_PAIR_044,anomalous,RCP_A,RCP_B,sensor_099|sensor_103|sensor_130|sensor_173|sensor_211|sensor_290|sensor_304|sensor_308|sensor_310|sensor_339|sensor_388|sensor_467|sensor_489,EVID_CONTEXT_ANOMALY_CTX_PAIR_044
SYNV2_00601,2026-04-11 06:00:00,TOOL_04,TOOL_04_CH_01,RCP_A,MEMORY,0,none,none,,1,CTX_PAIR_044,normal,RCP_A,RCP_B,sensor_099|sensor_103|sensor_130|sensor_173|sensor_211|sensor_290|sensor_304|sensor_308|sensor_310|sensor_339|sensor_388|sensor_467|sensor_489,EVID_CONTEXT_CONTROL_CTX_PAIR_044
SYNV2_01364,2026-08-16 10:00:00,TOOL_04,TOOL_04_CH_01,RCP_B,MIXED_SIGNAL,1,contextual_anomaly,RC_RECIPE_CONTEXT_MISMATCH,EVID_CONTEXT_ANOMALY_CTX_PAIR_045,0,CTX_PAIR_045,anomalous,RCP_A,RCP_B,sensor_099|sensor_103|sensor_130|sensor_173|sensor_211|sensor_290|sensor_304|sensor_308|sensor_310|sensor_339|sensor_388|sensor_467|sensor_489,EVID_CONTEXT_ANOMALY_CTX_PAIR_045
SYNV2_00662,2026-04-21 10:00:00,TOOL_04,TOOL_04_CH_01,RCP_A,MIXED_SIGNAL,0,none,none,,1,CTX_PAIR_045,normal,RCP_A,RCP_B,sensor_099|sensor_103|sensor_130|sensor_173|sensor_211|sensor_290|sensor_304|sensor_308|sensor_310|sensor_339|sensor_388|sensor_467|sensor_489,EVID_CONTEXT_CONTROL_CTX_PAIR_045
SYNV2_01374,2026-08-18 02:00:00,TOOL_04,TOOL_04_CH_01,RCP_B,LOGIC,1,contextual_anomaly,RC_RECIPE_CONTEXT_MISMATCH,EVID_CONTEXT_ANOMALY_CTX_PAIR_046,0,CTX_PAIR_046,anomalous,RCP_A,RCP_B,sensor_099|sensor_103|sensor_130|sensor_173|sensor_211|sensor_290|sensor_304|sensor_308|sensor_310|sensor_339|sensor_388|sensor_467|sensor_489,EVID_CONTEXT_ANOMALY_CTX_PAIR_046
SYNV2_00674,2026-04-23 10:00:00,TOOL_04,TOOL_04_CH_01,RCP_A,LOGIC,0,none,none,,1,CTX_PAIR_046,normal,RCP_A,RCP_B,sensor_099|sensor_103|sensor_130|sensor_173|sensor_211|sensor_290|sensor_304|sensor_308|sensor_310|sensor_339|sensor_388|sensor_467|sensor_489,EVID_CONTEXT_CONTROL_CTX_PAIR_046
SYNV2_01396,2026-08-21 18:00:00,TOOL_04,TOOL_04_CH_01,RCP_B,MIXED_SIGNAL,1,contextual_anomaly,RC_RECIPE_CONTEXT_MISMATCH,EVID_CONTEXT_ANOMALY_CTX_PAIR_047,0,CTX_PAIR_047,anomalous,RCP_A,RCP_B,sensor_099|sensor_103|sensor_130|sensor_173|sensor_211|sensor_290|sensor_304|sensor_308|sensor_310|sensor_339|sensor_388|sensor_467|sensor_489,EVID_CONTEXT_ANOMALY_CTX_PAIR_047
SYNV2_00695,2026-04-26 22:00:00,TOOL_04,TOOL_04_CH_01,RCP_A,MIXED_SIGNAL,0,none,none,,1,CTX_PAIR_047,normal,RCP_A,RCP_B,sensor_099|sensor_103|sensor_130|sensor_173|sensor_211|sensor_290|sensor_304|sensor_308|sensor_310|sensor_339|sensor_388|sensor_467|sensor_489,EVID_CONTEXT_CONTROL_CTX_PAIR_047
